peak_index,amplitude,center,gamma,fwhm_proxy,area_proxy,height_proxy,baseline_degree
1,0.0012658810502531872,8.939999628549542,12.835435316468736,25.670870632937472,0.051045019473528686,0.0012658802818242812,2
2,0.0004725206871479363,41.73438834237079,13.086243393047512,26.172486786095025,0.019426103268114062,0.0004725200146541769,2
3,0.0003716442048999856,59.36739013633689,1.1944110587122825,2.388822117424565,0.0013945402499455288,0.00037156543983155624,2
