{
  "source": {
    "mode": "local_file",
    "path": "D:\\HIT\\PythonProject\\fig2c_data.mat",
    "filename": "fig2c_data.mat"
  },
  "n_points": 5000,
  "best_model": {
    "n_peaks": 3,
    "baseline_degree": 2,
    "success": true,
    "params": [
      0.0002688311806596147,
      1.3539455653443513e-07,
      3.0536857409367585e-09,
      0.0012658810502531872,
      8.939999628549542,
      12.835435316468736,
      0.0004725206871479363,
      41.73438834237079,
      13.086243393047512,
      0.0003716442048999856,
      59.36739013633689,
      1.1944110587122825
    ],
    "param_names": [
      "b0",
      "b1",
      "b2",
      "amp_1",
      "center_1",
      "gamma_1",
      "amp_2",
      "center_2",
      "gamma_2",
      "amp_3",
      "center_3",
      "gamma_3"
    ],
    "sse": 2.919685368943681e-05,
    "rmse": 7.641577545171783e-05,
    "aic": -94769.21398136757,
    "bic": -94691.00766307057,
    "r2": 0.9505373310946631,
    "peak_count_detected": 3,
    "message": "ok"
  },
  "top_models": [
    {
      "n_peaks": 3,
      "baseline_degree": 2,
      "success": true,
      "params": [
        0.0002688311806596147,
        1.3539455653443513e-07,
        3.0536857409367585e-09,
        0.0012658810502531872,
        8.939999628549542,
        12.835435316468736,
        0.0004725206871479363,
        41.73438834237079,
        13.086243393047512,
        0.0003716442048999856,
        59.36739013633689,
        1.1944110587122825
      ],
      "param_names": [
        "b0",
        "b1",
        "b2",
        "amp_1",
        "center_1",
        "gamma_1",
        "amp_2",
        "center_2",
        "gamma_2",
        "amp_3",
        "center_3",
        "gamma_3"
      ],
      "sse": 2.919685368943681e-05,
      "rmse": 7.641577545171783e-05,
      "aic": -94769.21398136757,
      "bic": -94691.00766307057,
      "r2": 0.9505373310946631,
      "peak_count_detected": 3,
      "message": "ok"
    },
    {
      "n_peaks": 3,
      "baseline_degree": 1,
      "success": true,
      "params": [
        0.0002970140260629779,
        1.7204957447147077e-07,
        0.0012494579639129226,
        9.034400633293115,
        12.352778262216313,
        0.0004617641187172785,
        41.51248253487993,
        12.796670995410844,
        0.0003717602141971673,
        59.35758401936289,
        1.1656737316687273
      ],
      "param_names": [
        "b0",
        "b1",
        "amp_1",
        "center_1",
        "gamma_1",
        "amp_2",
        "center_2",
        "gamma_2",
        "amp_3",
        "center_3",
        "gamma_3"
      ],
      "sse": 2.960241622852376e-05,
      "rmse": 7.694467652609082e-05,
      "aic": -94702.23881019985,
      "bic": -94630.54968509427,
      "r2": 0.9498502637207383,
      "peak_count_detected": 3,
      "message": "ok"
    },
    {
      "n_peaks": 3,
      "baseline_degree": 0,
      "success": true,
      "params": [
        0.00029179252067071707,
        0.0012463770781474882,
        8.992313592839082,
        12.263386251014747,
        0.0004699522654494968,
        41.748027939319115,
        14.00873564396787,
        0.0003688872590331172,
        59.36349158309117,
        1.09000675079674
      ],
      "param_names": [
        "b0",
        "amp_1",
        "center_1",
        "gamma_1",
        "amp_2",
        "center_2",
        "gamma_2",
        "amp_3",
        "center_3",
        "gamma_3"
      ],
      "sse": 3.0182493062344354e-05,
      "rmse": 7.769490724924556e-05,
      "aic": -94607.20846506512,
      "bic": -94542.03653315097,
      "r2": 0.9488675500120587,
      "peak_count_detected": 3,
      "message": "ok"
    },
    {
      "n_peaks": 2,
      "baseline_degree": 2,
      "success": true,
      "params": [
        0.00026033333496738,
        7.192828542603573e-08,
        3.1536084271168807e-09,
        0.001249250058314601,
        8.826170256846321,
        12.74859402140127,
        0.0004759160165887988,
        43.19911777519321,
        16.45063311758327
      ],
      "param_names": [
        "b0",
        "b1",
        "b2",
        "amp_1",
        "center_1",
        "gamma_1",
        "amp_2",
        "center_2",
        "gamma_2"
      ],
      "sse": 3.2911874419198586e-05,
      "rmse": 8.113183643823007e-05,
      "aic": -94176.35116065548,
      "bic": -94117.69642193273,
      "r2": 0.944243678967374,
      "peak_count_detected": 2,
      "message": "ok"
    },
    {
      "n_peaks": 2,
      "baseline_degree": 1,
      "success": true,
      "params": [
        0.00029067205969389394,
        1.203818391405735e-07,
        0.0012334646816096171,
        8.935682239243116,
        12.253142157085357,
        0.00046312579427863635,
        42.910818987259,
        15.93172614819853
      ],
      "param_names": [
        "b0",
        "b1",
        "amp_1",
        "center_1",
        "gamma_1",
        "amp_2",
        "center_2",
        "gamma_2"
      ],
      "sse": 3.333314641343354e-05,
      "rmse": 8.164942916326304e-05,
      "aic": -94114.75729836622,
      "bic": -94062.6197528349,
      "r2": 0.9435299980553287,
      "peak_count_detected": 2,
      "message": "ok"
    },
    {
      "n_peaks": 2,
      "baseline_degree": 0,
      "success": true,
      "params": [
        0.0002856436787711146,
        0.0012301932029162865,
        8.902894110913014,
        12.194944519117685,
        0.000469585920579725,
        43.082314357461314,
        16.999294365177995
      ],
      "param_names": [
        "b0",
        "amp_1",
        "center_1",
        "gamma_1",
        "amp_2",
        "center_2",
        "gamma_2"
      ],
      "sse": 3.358171272944139e-05,
      "rmse": 8.195329490562463e-05,
      "aic": -94079.61047290744,
      "bic": -94033.99012056753,
      "r2": 0.9431088994835273,
      "peak_count_detected": 2,
      "message": "ok"
    },
    {
      "n_peaks": 1,
      "baseline_degree": 1,
      "success": true,
      "params": [
        0.00030679142707022255,
        5.408272147655916e-07,
        0.0011736216291229878,
        11.673369461613994,
        18.42408346665725
      ],
      "param_names": [
        "b0",
        "b1",
        "amp_1",
        "center_1",
        "gamma_1"
      ],
      "sse": 7.56506138749474e-05,
      "rmse": 0.00012300456404129679,
      "aic": -90022.89097253465,
      "bic": -89990.30500657756,
      "r2": 0.8718395719489531,
      "peak_count_detected": 1,
      "message": "ok"
    },
    {
      "n_peaks": 1,
      "baseline_degree": 2,
      "success": true,
      "params": [
        0.00031804892632506724,
        5.547782563270426e-07,
        -1.0018971409423538e-09,
        0.0011689262349045685,
        11.598938739728633,
        18.001940145254185
      ],
      "param_names": [
        "b0",
        "b1",
        "b2",
        "amp_1",
        "center_1",
        "gamma_1"
      ],
      "sse": 7.562580918505531e-05,
      "rmse": 0.00012298439672174297,
      "aic": -90022.53066559539,
      "bic": -89983.4275064469,
      "r2": 0.8718815938111881,
      "peak_count_detected": 1,
      "message": "ok"
    },
    {
      "n_peaks": 1,
      "baseline_degree": 0,
      "success": true,
      "params": [
        0.00028814536843277475,
        0.0011657491441257918,
        12.57501714291138,
        20.14981216275674
      ],
      "param_names": [
        "b0",
        "amp_1",
        "center_1",
        "gamma_1"
      ],
      "sse": 8.232401360779552e-05,
      "rmse": 0.00012831524742429911,
      "aic": -89602.20451437353,
      "bic": -89576.13574160787,
      "r2": 0.8605341016756869,